set,g1_disagree,g1_neutral,g1_agree,g2_disagree,g2_neutral,g2_agree,chi2,dof,p_value
Figure1_After_only,21,20,49,20,17,47,0.10252551113831616,2,0.9500290123204715
Figure2_Collaboration,16,10,34,18,6,32,1.0415605636193863,2,0.5940568353379174
Figure3_Time,19,4,7,8,5,15,7.441566458233125,2,0.024214994527662022
